{"cameraMode":{"drawMode":1,"name":"Wireframe","section":"Shading Mode"},"sceneLighting":true,"audioPlay":false,"sceneViewState":{"m_AlwaysRefresh":false,"showFog":true,"showSkybox":true,"showFlares":true,"showImageEffects":true,"showParticleSystems":true,"showVisualEffectGraphs":true,"m_FxEnabled":true},"in2DMode":false,"pivot":{"x":-3.077942371368408,"y":-0.6920226812362671,"z":0.8732537627220154},"rotation":{"x":-0.016549451276659967,"y":0.9757922887802124,"z":-0.07951667904853821,"w":-0.20308995246887208},"size":3.119678497314453,"orthographic":false}