{"cameraMode":{"drawMode":1,"name":"Wireframe","section":"Shading Mode"},"sceneLighting":true,"audioPlay":false,"sceneViewState":{"m_AlwaysRefresh":false,"showFog":true,"showSkybox":true,"showFlares":true,"showImageEffects":true,"showParticleSystems":true,"showVisualEffectGraphs":true,"m_FxEnabled":true},"in2DMode":false,"pivot":{"x":-1.6760472059249879,"y":-0.0013825991190969945,"z":0.1397102177143097},"rotation":{"x":-0.016549451276659967,"y":0.9757922887802124,"z":-0.07951667904853821,"w":-0.20308995246887208},"size":1.612001895904541,"orthographic":false}